"n_comorbid","mean_age","mean_bmi"
261,49.9693486590038,28.9340996168582
